id;real_send_time;sender;receiver;message;error_message;create_user;create_time;update_user;update_time
1;2022-03-01T14:46:59;throughput system-worthy Account;program red;Generic sticky copy;Future;福建省;2022-03-01T14:02:36;quantifying Checking;2022-03-01T23:53:31
2;2022-03-01T10:11:13;Down-sized;cyan Unbranded;capability Operations;parsing 西路;Gloves Beauty 福建省;2022-03-01T11:43:04;Africa;2022-03-01T06:29:41
3;2022-03-01T04:12:28;payment;Awesome Ball 北路;Technician Croatian;bleeding-edge asynchronous;motivating;2022-03-01T20:28:23;Concrete Shirt;2022-03-01T09:24:35
4;2022-03-01T13:19:18;Panama Boliviano;blue Analyst;platforms;東路 quantify quantify;South;2022-03-02T00:10:54;Awesome strategy;2022-03-01T06:15:34
5;2022-03-02T01:06:59;metrics Accounts;Beauty transparent 台灣省;Integration;Soft;Investment;2022-03-01T13:21:10;out-of-the-box;2022-03-02T01:07:47
6;2022-03-01T04:10:12;Analyst executive;withdrawal Bedfordshire;parsing District revolutionize;systems;application matrix 台;2022-03-01T12:56:44;mobile parsing;2022-03-01T10:12:07
7;2022-03-01T18:21:33;Functionality;invoice;Associate reboot;SMS Sierra solutions;Moroccan;2022-03-01T13:07:36;Pound Beauty 街;2022-03-01T22:46:09
8;2022-03-02T02:12:19;Officer Ghana Metal;violet Korean;Tasty;matrix backing Operations;local International ;2022-03-01T18:35:28;Architect;2022-03-01T19:16:12
9;2022-03-01T04:37:36;synthesize;台灣省;FTP withdrawal Canadian;Chips;福建省 bandwidth transp;2022-03-01T09:45:08;withdrawal Account I;2022-03-02T02:50:21
10;2022-03-01T13:51:46;Paradigm;digital;Outlying transform;Principal auxiliary;Movies 台灣省;2022-03-01T08:04:42;invoice program;2022-03-01T23:43:34
