user_id;ch_name;title;birthday;idno;sex;work_tel;mobile_tel;email;home_addr_zip;home_addr_city;home_addr_town;home_addr_other;work_addr_zip;work_addr_city;work_addr_town;work_addr_other;line_token;update_user;update_time;ch_name_rome
ab0497c8-ac03-4786-9;Kazakhstan encompassing;compressing yellow;2022-06-20T12:02:45;台灣省;l;red Macao;EXE Networked;嘉懿29@yahoo.com;morph;alarm;Home;withdrawal Operations;Solutions ;Right-size;card port;Representative;interface;Gloves Concrete;2022-06-20T12:25:27;Cambridgeshire Berks
06bdc349-5d65-4519-a;portals Marketing;Practical Assistant rich;2022-06-20T13:33:53;Officer;1;Sausages;alarm orchestra;晟睿.程23@gmail.com;generation;quantify C;路 Denar le;override;PNG withdr;Sausages H;Beauty emb;partnerships 街 payment;analyzing;Senior;2022-06-20T21:15:03;auxiliary
f581f3e7-dc54-422d-b;1080p monetize;Gibraltar responsive;2022-06-20T23:14:51;Account;A;Programmable Israeli;Djibouti e-serv;文昊_姚@yahoo.com;revolution;Cotton cal;Egypt Loan;AI withdrawal;Directives;台灣省 value-;Profit-foc;Lebanese generating parsing;Implementation;Car redundant;2022-06-20T07:38:46;payment non-volatile
704fa348-e2ca-4206-8;路;Niger Bike;2022-06-20T20:44:11;encoding M;v;index Loti;payment CSS;博濤_王@gmail.com;Triple-buf;reboot;Optimized ;Investor Cheese;Re-enginee;Account Po;clicks-and;Regional Accounts frictionless;Wooden;invoice;2022-06-20T13:24:46;Shoes RSS Buckingham
5f22b17f-8600-4127-9;JSON Chips;demand-driven Internal;2022-06-21T06:45:06;東路 Quality;c;sky Dollar drive;circuit;煜城_程@gmail.com;superstruc;open-sourc;Cape payme;Shirt evolve;Baby;Sausages;Practical ;Keyboard Keyboard Phased;invoice deposit;ivory architect bypa;2022-06-20T19:33:09;Garden Wooden
2a01ebae-7aad-480c-b;Buckinghamshire;drive redefine COM;2022-06-20T08:15:12;open-sourc;s;optical Metal Dynami;driver;凱瑞65@gmail.com;initiative;transmit 北;integrate ;innovative CSS Metrics;Money;Colombia;cross-plat;SAS Future-proofed;Designer Loan;Leone Investment Ful;2022-06-20T20:18:21;panel Grocery Office
fa763466-9f84-4b70-b;Keyboard azure;calculating Fresh;2022-06-20T14:50:12;transparen;B;Tools purple Account;bluetooth;智輝91@hotmail.com;empowering;Avon Repre;circuit tr;北路 generating;emulation ;台灣省 mesh;Cedi;Product parsing orchid;demand-driven;Moroccan;2022-06-20T22:56:25;Tajikistan Adaptive
f6295279-2914-4877-9;Sri;synthesizing;2022-06-20T22:15:27;copy;p;Money pixel Money;networks soluti;熠彤_錢94@gmail.com;global Erg;deliver bi;Grocery Ru;Designer;calculatin;success;Bedfordshi;database compressing management;Borders;Developer;2022-06-20T08:54:41;TCP 南路 Movies
de7f306b-0870-4d60-8;web-readiness zero;transparent synthesizing;2022-06-20T23:28:21;Licensed V;C;Zimbabwe;Supervisor;苑博.閻70@yahoo.com;Table gene;Cedi RSS;Riel;Usability red;Sausages K;incentiviz;東路;Managed pink Internal;cultivate;Credit;2022-06-21T01:28:17;Bedfordshire Rustic
cdd457c2-5bee-49a7-a;generation Music override;discrete;2022-06-21T03:07:16;Shoes Nati;e;Fuerte;Automated Froze;立誠_顧13@hotmail.com;functional;architectu;Mouse;copy 西路;bandwidth ;Generic;TCP 台灣省;Configuration;Soap Checking Tasty;Unbranded 西路 Tools;2022-06-20T19:33:45;productivity Robust 
