pro_information_appendix_id;pro_information_id;attributes;text;appendix;update_time;update_user;create_time;create_user
1;32856;Designer program Buckinghamshire;福建省 compressing multi-byte;value-added innovate Dirham;2022-02-24T15:58:34;Books Account;2022-02-24T06:23:51;Music Account
2;90977;GB Steel;Unbranded compressing;Malaysian driver Architect;2022-02-24T10:58:02;modular bluetooth Ho;2022-02-24T18:18:26;Account Configuratio
3;96406;Unbranded;Cheese bypassing calculate;primary black Wooden;2022-02-24T16:42:52;Shoes intangible;2022-02-24T22:29:39;violet
4;91265;Creative purple Kids;路 Gloves Group;Fish;2022-02-24T07:01:00;attitude;2022-02-24T17:28:43;西路 Baby compress
5;92177;blockchains;SDR SMTP Strategist;groupware frictionless;2022-02-25T01:57:01;vortals Incredible N;2022-02-24T16:56:32;福建省 matrix
6;14177;福建省;Plastic 東路;Awesome bypassing;2022-02-24T07:05:07;mission-critical;2022-02-24T14:23:05;Chicken
7;70361;Auto Soap;Cheese;withdrawal multi-byte;2022-02-24T12:29:59;Avon Assurance;2022-02-24T20:19:26;福建省
8;93088;navigate protocol Bedfordshire;Marketing Games payment;Gibraltar;2022-02-24T21:47:25;台灣省;2022-02-24T20:30:31;moratorium 街 Brazil
9;69221;invoice Manager adapter;olive hack Canada;Solutions Administrator;2022-02-24T08:30:44;red Incredible homog;2022-02-24T23:41:08;Avon port
10;27005;Coordinator;wireless transmitter;Borders payment;2022-02-24T17:44:12;Directives Administr;2022-02-24T13:32:21;Avon Frozen
