pro_os_person_list_id;pro_org_suggestion_id;person_type;person_name;person_title;update_user;update_time;create_user;create_time
1;18819;c;Market Rubber;bypassing Technician;Generic Global up;2022-04-19T01:04:21;Movies;2022-04-18T08:03:32
2;28376;O;generation;auxiliary Rustic ban;navigate array;2022-04-19T00:48:15;Concrete;2022-04-18T23:15:34
3;81980;C;Accountability;Mozambique salmon;invoice Cotton;2022-04-18T10:22:47;Islands dynamic;2022-04-18T09:51:57
4;43913;福;RSS;Object-based schemas;Health Gloves 西路;2022-04-18T21:04:47;extranet port 福建省;2022-04-18T04:11:17
5;83063;h;cultivate Berkshire;Checking 福建省;CSS green;2022-04-18T05:16:51;e-commerce 路 lime;2022-04-18T03:32:01
6;10031;A;Metical copying;seize 福建省;Representative Aweso;2022-04-18T21:41:25;microchip;2022-04-18T18:49:13
7;23930;i;Kuwaiti Licensed;Avon Designer;redundant copy;2022-04-18T14:21:52;Customer-focused;2022-04-18T20:53:29
8;35139;s;Investor architect;Supervisor Ecuador;Specialist;2022-04-18T10:32:35;Pound;2022-04-18T06:46:00
9;60076;D;interactive;invoice leverage;connecting;2022-04-18T05:17:12;optimizing olive Mal;2022-04-18T03:40:56
10;97807;C;hard Towels;Liberia synergistic;static;2022-04-18T09:08:07;e-business Borders;2022-04-18T18:48:28
